{
    "parent": "item/generated",
    "textures": {
        "layer0": "item/stick"
    },

    "overrides": [
        {"predicate": {"custom_model_data": 1}, "model": "item/empty"},
        {"predicate": {"custom_model_data": 2}, "model": "item/helmet_icon"},
        {"predicate": {"custom_model_data": 3}, "model": "item/blaze_powder_icon"},
        {"predicate": {"custom_model_data": 4}, "model": "item/hopper_icon"},
        {"predicate": {"custom_model_data": 5}, "model": "item/diamond_icon"}
    ]
}