{"stats":{"minecraft:picked_up":{"minecraft:lever":1,"minecraft:polished_blackstone_button":2,"minecraft:birch_sign":3,"minecraft:stone_button":2},"minecraft:custom":{"minecraft:time_since_rest":66353,"minecraft:open_chest":43,"minecraft:crouch_one_cm":2321,"minecraft:sprint_one_cm":41656,"minecraft:play_time":66353,"minecraft:walk_one_cm":69273,"minecraft:sneak_time":1437,"minecraft:interact_with_anvil":1,"minecraft:jump":81,"minecraft:leave_game":16,"minecraft:time_since_death":66353,"minecraft:total_world_time":102068,"minecraft:fall_one_cm":894,"minecraft:tune_noteblock":21,"minecraft:fly_one_cm":13023},"minecraft:used":{"minecraft:dark_prismarine":1,"minecraft:mud":1,"minecraft:debug_stick":62,"minecraft:lever":1,"minecraft:cyan_terracotta":1,"minecraft:enchanting_table":1,"minecraft:anvil":1,"minecraft:command_block":9,"minecraft:prismarine_bricks":1,"minecraft:grass_block":5,"minecraft:birch_sign":15,"minecraft:light_blue_wool":1,"minecraft:prismarine":1,"minecraft:stone_button":5,"minecraft:chest":8,"minecraft:repeating_command_block":6,"minecraft:polished_blackstone_button":5,"minecraft:note_block":6,"minecraft:gray_wool":1}},"DataVersion":3120}