{
    "blend": {
        "func": "add",
        "srcrgb": "srcalpha",
        "dstrgb": "1-srcalpha"
    },
    "vertex": "blit",
    "fragment": "static",
    "attributes": [ "Position" ],
    "samplers": [
        { "name": "DiffuseSampler" },
        { "name": "DataSampler"}
    ],
    "uniforms": [
        { "name": "ProjMat",     "type": "matrix4x4", "count": 16, "values": [ 1.0, 0.0, 0.0, 0.0, 0.0, 1.0, 0.0, 0.0, 0.0, 0.0, 1.0, 0.0, 0.0, 0.0, 0.0, 1.0 ] },
        { "name": "InSize",      "type": "float",     "count": 2,  "values": [ 1.0, 1.0 ] },
        { "name": "OutSize",     "type": "float",     "count": 2,  "values": [ 1.0, 1.0 ] },
        { "name": "Time", "type": "float", "count": 1, "values": [ 0.0 ] }
    ]
}
